{
  "{'max_erase': 0}": {
    "percent_safe": 100.0,
    "time_per_prompt": 0.0065752069155375166
  },
  "{'max_erase': 10}": {
    "percent_safe": 99.16666666666667,
    "time_per_prompt": 0.2997871458530426
  },
  "{'max_erase': 20}": {
    "percent_safe": 99.16666666666667,
    "time_per_prompt": 0.3286497473716736
  },
  "{'max_erase': 30}": {
    "percent_safe": 99.16666666666667,
    "time_per_prompt": 0.328850511709849
  }
}