{
  "{'max_erase': 0}": {
    "percent_safe": 100.0,
    "time_per_prompt": 0.1646631360054016
  },
  "{'max_erase': 10}": {
    "percent_safe": 94.16666666666667,
    "time_per_prompt": 1.3322250247001648
  },
  "{'max_erase': 20}": {
    "percent_safe": 92.5,
    "time_per_prompt": 1.3757373491923015
  },
  "{'max_erase': 30}": {
    "percent_safe": 93.33333333333333,
    "time_per_prompt": 1.4312195579210918
  }
}