{
  "{'max_erase': 0}": {
    "percent_safe": 100.0,
    "time_per_prompt": 0.13084643959999084
  },
  "{'max_erase': 10}": {
    "percent_safe": 95.0,
    "time_per_prompt": 1.2638500094413758
  },
  "{'max_erase': 20}": {
    "percent_safe": 93.5,
    "time_per_prompt": 1.5229286277294158
  },
  "{'max_erase': 30}": {
    "percent_safe": 88.5,
    "time_per_prompt": 1.383283815383911
  }
}