{
  "{'max_erase': 0}": {
    "percent_safe": 100.0,
    "time_per_prompt": 0.11584233045578003
  },
  "{'max_erase': 1}": {
    "percent_safe": 100.0,
    "time_per_prompt": 1.626639063358307
  },
  "{'max_erase': 2}": {
    "percent_safe": 99.0,
    "time_per_prompt": 11.62811509847641
  },
  "{'max_erase': 3}": {
    "percent_safe": 92.0,
    "time_per_prompt": 55.11362495422363
  }
}