{
  "{'max_erase': 20}": {
    "percent_safe": 95.33333333333334,
    "time_per_prompt": 1.4503918019930522
  }
}