{
  "{'max_erase': 10}": {
    "certified_accuracy": [
      98.0,
      98.0,
      96.0,
      88.0,
      84.0,
      68.0,
      0.0
    ]
  },
  "{'max_erase': 20}": {
    "certified_accuracy": [
      98.0,
      94.0,
      90.0,
      86.0,
      78.0,
      62.0,
      57.99999999999999,
      46.0,
      34.0,
      20.0,
      20.0,
      0.0
    ]
  },
  "{'max_erase': 30}": {
    "certified_accuracy": [
      96.0,
      96.0,
      96.0,
      92.0,
      72.0,
      60.0,
      50.0,
      46.0,
      32.0,
      26.0,
      18.0,
      14.000000000000002,
      14.000000000000002,
      12.0,
      10.0,
      6.0,
      0.0
    ]
  }
}